id,palabra,ejemplo,dicho,fecha,tema,etiquetas,aprendido
7,Fancy,in a fancy way,fancy in a fancy way,29/03/2026,,,1
9,Right away,right away,right away,29/03/2026,,,0
10,Sidewalks,,sidewalks,29/03/2026,,,0
11,Aim,,angle,29/03/2026,,,0
12,Unlike,unlike,like unlike,29/03/2026,,,0
13,Drilling down,,driving down,29/03/2026,,,0
14,Drilling down,,drilling down,29/03/2026,,,0
16,Subtle,,subtle,29/03/2026,,,0
17,Suitable,,suitable,29/03/2026,,,0
18,Sinking,,thinking,29/03/2026,,,0
19,Suitable,,suitable,29/03/2026,,,0
20,Suitable,,suitable,29/03/2026,,,0
21,Let's,get into it,let's get into it,29/03/2026,,,0
22,Nutshell,in a nutshell an ai engineer is a software engineer who specializes in the use and integration of foundational generic models,Nacho in a nutshell an aai engineer is a software engineer who specializes in the use and integration of foundational generic models,29/03/2026,,,0
23,Skillset,set this skill set is read by the high demand nowadays due to the hype around AI,skill set this skill set is read by the high demand nowadays due to the hype around AI,29/03/2026,,,0
24,Whether,you become a data scientist or a software engineering it's up to you and your background,whether you become a data scientist or a software engineering it's up to you and your background,29/03/2026,,,0
25,Under the hood,under the hood,answer under the hood,29/03/2026,,,0
26,Well-crafted,Well-crafted prompts can dramatically improve models outputs and are essential for getting consistent results,Wellcraft well crafted Farms can dramatically improve models outputs and are essential for getting consistent results,29/03/2026,https://towardsdatascience.com/how-to-become-an-ai-engineer-fast-skills-projects-salary/,data scientist,0
27,Seamlessly,It provides all the architecture you need to build and connect LLM's seamlessly,seamless seamlessly it provides all the architecture you need to build and connect llms seamlessly,29/03/2026,,,0
28,Slightly,learning this Concepts we takes slightly less time than than learning AI machine learning fundamentals as there is less material to cover,slightly learning this Concepts we takes slightly less time than than learning AI machine learning fundamentals as there is less material to cover,29/03/2026,,,0
29,Showcase,you need to Showcase your ability to deploy AI systems into end-to-end,showcase you need to Showcase your ability to deploy AI systems into,29/03/2026,,,0
30,Leverage,that Leverage is crazy,leverage that Leverage is crazy,29/03/2026,,,1
31,Fairly,the way you get a referral is actually fairly simple,Bailey the way you get a referral is actually fairly simple,29/03/2026,,,0
32,Suitable,Having sufficient or the required properties for a certain purpose or task; appropriate to a certain occasion.,suitable,30/03/2026,,,1
